genome_id,accession_id,genome_version,is_latest,release_date,ncbi_release_date,species_id,genus,species,common_name,sex,biosample,bioproject,assembly_status,genome_hap1,genome_hap2,genome_pri,genome_alt,genome_unplaced,genome_combined,annotation_pri_gff3,annotation_alt_gff3,annotation_hap1_gff3,annotation_hap2_gff3,repeat_masker_pri,repeat_masker_alt,repeat_masker_hap1,repeat_masker_hap2,repeat_families,repeat_families_combined,proteins_pri,proteins_alt,proteins_hap1,proteins_hap2,segmental_duplications_pri,segmental_duplications_alt,segmental_duplications_hap1,segmental_duplications_hap2,methylation,fiberseq,variants,raw_ont,raw_pacbio_hifi,raw_chromatin_capture,raw_kinnex_rna,alignment_reads,alignment_comparative
PR00030_1.0,PR00030,1,TRUE,2026-09-30,,Macaca_nemestrina,Macaca,nemestrina,Southern Pig-tailed Macaque,female,SAMN63225371,PRJNA1501439,in_progress,,,s3://panprimate-t2t/species_data/PR00030/v1.0/assembly/PR00030_1.0.pri.fasta.gz,s3://panprimate-t2t/species_data/PR00030/v1.0/assembly/PR00030_1.0.alt.fasta.gz,s3://panprimate-t2t/species_data/PR00030/v1.0/assembly/PR00030_1.0.unplaced.fasta.gz,s3://panprimate-t2t/species_data/PR00030/v1.0/assembly/PR00030_1.0.combined.fasta.gz,s3://panprimate-t2t/species_data/PR00030/v1.0/annotation/PR00030_1.0.genes.pri.gff3.gz,s3://panprimate-t2t/species_data/PR00030/v1.0/annotation/PR00030_1.0.genes.alt.gff3.gz,s3://panprimate-t2t/species_data/PR00030/v1.0/annotation/PR00030_1.0.genes.hap1.gff3.gz,s3://panprimate-t2t/species_data/PR00030/v1.0/annotation/PR00030_1.0.genes.hap2.gff3.gz,s3://panprimate-t2t/species_data/PR00030/v1.0/annotation/PR00030_1.0.repeat_masker.pri.out.gz,s3://panprimate-t2t/species_data/PR00030/v1.0/annotation/PR00030_1.0.repeat_masker.alt.out.gz,s3://panprimate-t2t/species_data/PR00030/v1.0/annotation/PR00030_1.0.repeat_masker.hap1.out.gz,s3://panprimate-t2t/species_data/PR00030/v1.0/annotation/PR00030_1.0.repeat_masker.hap2.out.gz,s3://panprimate-t2t/species_data/PR00030/v1.0/annotation/PR00030_1.0.repeat_families.fasta.gz,,s3://panprimate-t2t/species_data/PR00030/v1.0/annotation/PR00030_1.0.proteins.pri.fasta.gz,s3://panprimate-t2t/species_data/PR00030/v1.0/annotation/PR00030_1.0.proteins.alt.fasta.gz,s3://panprimate-t2t/species_data/PR00030/v1.0/annotation/PR00030_1.0.proteins.hap1.fasta.gz,s3://panprimate-t2t/species_data/PR00030/v1.0/annotation/PR00030_1.0.proteins.hap2.fasta.gz,s3://panprimate-t2t/species_data/PR00030/v1.0/annotation/PR00030_1.0.SD.pri.bed.gz,s3://panprimate-t2t/species_data/PR00030/v1.0/annotation/PR00030_1.0.SD.alt.bed.gz,s3://panprimate-t2t/species_data/PR00030/v1.0/annotation/PR00030_1.0.SD.hap1.bed.gz,s3://panprimate-t2t/species_data/PR00030/v1.0/annotation/PR00030_1.0.SD.hap2.bed.gz,,,,SRR40728302;SRR40728303;SRR40728304;SRR40728305;SRR40728306,SRR40728328;SRR40728330,SRR40728317,SRR40749393;SRR40749394,s3://panprimate-t2t/species_data/PR00030/v1.0/alignments/PR00030_1.0.ont.bam;s3://panprimate-t2t/species_data/PR00030/v1.0/alignments/PR00030_1.0.hifi.bam;s3://panprimate-t2t/species_data/PR00030/v1.0/alignments/PR00030_1.0.kinnex.bam,
PR00036_1.0,PR00036,1,TRUE,2026-09-30,,Papio_anubis,Papio,anubis,Olive Baboon,male,SAMN63225370,PRJNA1501439,in_progress,,,s3://panprimate-t2t/species_data/PR00036/v1.0/assembly/PR00036_1.0.pri.fasta.gz,s3://panprimate-t2t/species_data/PR00036/v1.0/assembly/PR00036_1.0.alt.fasta.gz,s3://panprimate-t2t/species_data/PR00036/v1.0/assembly/PR00036_1.0.unplaced.fasta.gz,s3://panprimate-t2t/species_data/PR00036/v1.0/assembly/PR00036_1.0.combined.fasta.gz,s3://panprimate-t2t/species_data/PR00036/v1.0/annotation/PR00036_1.0.genes.pri.gff3.gz,s3://panprimate-t2t/species_data/PR00036/v1.0/annotation/PR00036_1.0.genes.alt.gff3.gz,s3://panprimate-t2t/species_data/PR00036/v1.0/annotation/PR00036_1.0.genes.hap1.gff3.gz,s3://panprimate-t2t/species_data/PR00036/v1.0/annotation/PR00036_1.0.genes.hap2.gff3.gz,s3://panprimate-t2t/species_data/PR00036/v1.0/annotation/PR00036_1.0.repeat_masker.pri.out.gz,s3://panprimate-t2t/species_data/PR00036/v1.0/annotation/PR00036_1.0.repeat_masker.alt.out.gz,s3://panprimate-t2t/species_data/PR00036/v1.0/annotation/PR00036_1.0.repeat_masker.hap1.out.gz,s3://panprimate-t2t/species_data/PR00036/v1.0/annotation/PR00036_1.0.repeat_masker.hap2.out.gz,s3://panprimate-t2t/species_data/PR00036/v1.0/annotation/PR00036_1.0.repeat_families.fasta.gz,,s3://panprimate-t2t/species_data/PR00036/v1.0/annotation/PR00036_1.0.proteins.pri.fasta.gz,s3://panprimate-t2t/species_data/PR00036/v1.0/annotation/PR00036_1.0.proteins.alt.fasta.gz,s3://panprimate-t2t/species_data/PR00036/v1.0/annotation/PR00036_1.0.proteins.hap1.fasta.gz,s3://panprimate-t2t/species_data/PR00036/v1.0/annotation/PR00036_1.0.proteins.hap2.fasta.gz,s3://panprimate-t2t/species_data/PR00036/v1.0/annotation/PR00036_1.0.SD.pri.bed.gz,s3://panprimate-t2t/species_data/PR00036/v1.0/annotation/PR00036_1.0.SD.alt.bed.gz,s3://panprimate-t2t/species_data/PR00036/v1.0/annotation/PR00036_1.0.SD.hap1.bed.gz,s3://panprimate-t2t/species_data/PR00036/v1.0/annotation/PR00036_1.0.SD.hap2.bed.gz,,,,SRR40728295;SRR40728297;SRR40728298;SRR40728299;SRR40728300;SRR40728301,SRR40728327;SRR40728329,SRR40728316,SRR40749412;SRR40749413,s3://panprimate-t2t/species_data/PR00036/v1.0/alignments/PR00036_1.0.ont.bam;s3://panprimate-t2t/species_data/PR00036/v1.0/alignments/PR00036_1.0.hifi.bam;s3://panprimate-t2t/species_data/PR00036/v1.0/alignments/PR00036_1.0.kinnex.bam,
PR00099_1.0,PR00099,1,TRUE,2026-09-30,,Colobus_angolensis,Colobus,angolensis,Angola Colobus,male,SAMN63225372,PRJNA1501439,in_progress,,,s3://panprimate-t2t/species_data/PR00099/v1.0/assembly/PR00099_1.0.pri.fasta.gz,s3://panprimate-t2t/species_data/PR00099/v1.0/assembly/PR00099_1.0.alt.fasta.gz,s3://panprimate-t2t/species_data/PR00099/v1.0/assembly/PR00099_1.0.unplaced.fasta.gz,s3://panprimate-t2t/species_data/PR00099/v1.0/assembly/PR00099_1.0.combined.fasta.gz,s3://panprimate-t2t/species_data/PR00099/v1.0/annotation/PR00099_1.0.genes.pri.gff3.gz,s3://panprimate-t2t/species_data/PR00099/v1.0/annotation/PR00099_1.0.genes.alt.gff3.gz,s3://panprimate-t2t/species_data/PR00099/v1.0/annotation/PR00099_1.0.genes.hap1.gff3.gz,s3://panprimate-t2t/species_data/PR00099/v1.0/annotation/PR00099_1.0.genes.hap2.gff3.gz,s3://panprimate-t2t/species_data/PR00099/v1.0/annotation/PR00099_1.0.repeat_masker.pri.out.gz,s3://panprimate-t2t/species_data/PR00099/v1.0/annotation/PR00099_1.0.repeat_masker.alt.out.gz,s3://panprimate-t2t/species_data/PR00099/v1.0/annotation/PR00099_1.0.repeat_masker.hap1.out.gz,s3://panprimate-t2t/species_data/PR00099/v1.0/annotation/PR00099_1.0.repeat_masker.hap2.out.gz,s3://panprimate-t2t/species_data/PR00099/v1.0/annotation/PR00099_1.0.repeat_families.fasta.gz,,s3://panprimate-t2t/species_data/PR00099/v1.0/annotation/PR00099_1.0.proteins.pri.fasta.gz,s3://panprimate-t2t/species_data/PR00099/v1.0/annotation/PR00099_1.0.proteins.alt.fasta.gz,s3://panprimate-t2t/species_data/PR00099/v1.0/annotation/PR00099_1.0.proteins.hap1.fasta.gz,s3://panprimate-t2t/species_data/PR00099/v1.0/annotation/PR00099_1.0.proteins.hap2.fasta.gz,s3://panprimate-t2t/species_data/PR00099/v1.0/annotation/PR00099_1.0.SD.pri.bed.gz,s3://panprimate-t2t/species_data/PR00099/v1.0/annotation/PR00099_1.0.SD.alt.bed.gz,s3://panprimate-t2t/species_data/PR00099/v1.0/annotation/PR00099_1.0.SD.hap1.bed.gz,s3://panprimate-t2t/species_data/PR00099/v1.0/annotation/PR00099_1.0.SD.hap2.bed.gz,,,,SRR40728293;SRR40728294,SRR40728318;SRR40728326,SRR40728315,SRR40749391;SRR40749392,s3://panprimate-t2t/species_data/PR00099/v1.0/alignments/PR00099_1.0.ont.bam;s3://panprimate-t2t/species_data/PR00099/v1.0/alignments/PR00099_1.0.hifi.bam;s3://panprimate-t2t/species_data/PR00099/v1.0/alignments/PR00099_1.0.kinnex.bam,
PR00128_1.0,PR00128,1,TRUE,2026-09-30,,Eulemur_macaco,Eulemur,macaco,Black Lemur,male,SAMN63225376,PRJNA1501439,in_progress,,,s3://panprimate-t2t/species_data/PR00128/v1.0/assembly/PR00128_1.0.pri.fasta.gz,s3://panprimate-t2t/species_data/PR00128/v1.0/assembly/PR00128_1.0.alt.fasta.gz,s3://panprimate-t2t/species_data/PR00128/v1.0/assembly/PR00128_1.0.unplaced.fasta.gz,s3://panprimate-t2t/species_data/PR00128/v1.0/assembly/PR00128_1.0.combined.fasta.gz,s3://panprimate-t2t/species_data/PR00128/v1.0/annotation/PR00128_1.0.genes.pri.gff3.gz,s3://panprimate-t2t/species_data/PR00128/v1.0/annotation/PR00128_1.0.genes.alt.gff3.gz,s3://panprimate-t2t/species_data/PR00128/v1.0/annotation/PR00128_1.0.genes.hap1.gff3.gz,s3://panprimate-t2t/species_data/PR00128/v1.0/annotation/PR00128_1.0.genes.hap2.gff3.gz,s3://panprimate-t2t/species_data/PR00128/v1.0/annotation/PR00128_1.0.repeat_masker.pri.out.gz,s3://panprimate-t2t/species_data/PR00128/v1.0/annotation/PR00128_1.0.repeat_masker.alt.out.gz,s3://panprimate-t2t/species_data/PR00128/v1.0/annotation/PR00128_1.0.repeat_masker.hap1.out.gz,s3://panprimate-t2t/species_data/PR00128/v1.0/annotation/PR00128_1.0.repeat_masker.hap2.out.gz,s3://panprimate-t2t/species_data/PR00128/v1.0/annotation/PR00128_1.0.repeat_families.fasta.gz,,s3://panprimate-t2t/species_data/PR00128/v1.0/annotation/PR00128_1.0.proteins.pri.fasta.gz,s3://panprimate-t2t/species_data/PR00128/v1.0/annotation/PR00128_1.0.proteins.alt.fasta.gz,s3://panprimate-t2t/species_data/PR00128/v1.0/annotation/PR00128_1.0.proteins.hap1.fasta.gz,s3://panprimate-t2t/species_data/PR00128/v1.0/annotation/PR00128_1.0.proteins.hap2.fasta.gz,s3://panprimate-t2t/species_data/PR00128/v1.0/annotation/PR00128_1.0.SD.pri.bed.gz,s3://panprimate-t2t/species_data/PR00128/v1.0/annotation/PR00128_1.0.SD.alt.bed.gz,s3://panprimate-t2t/species_data/PR00128/v1.0/annotation/PR00128_1.0.SD.hap1.bed.gz,s3://panprimate-t2t/species_data/PR00128/v1.0/annotation/PR00128_1.0.SD.hap2.bed.gz,,,,SRR40728284;SRR40728286;SRR40728287;SRR40728288;SRR40728289;SRR40728290;SRR40728291;SRR40728292,SRR40728307;SRR40728325,SRR40728314,SRR40749396;SRR40749397;SRR40749398,s3://panprimate-t2t/species_data/PR00128/v1.0/alignments/PR00128_1.0.ont.bam;s3://panprimate-t2t/species_data/PR00128/v1.0/alignments/PR00128_1.0.hifi.bam;s3://panprimate-t2t/species_data/PR00128/v1.0/alignments/PR00128_1.0.kinnex.bam,
PR00129_1.0,PR00129,1,TRUE,2026-09-30,,Eulemur_rubriventer,Eulemur,rubriventer,Red-bellied Lemur,female,SAMN63225378,PRJNA1501439,in_progress,,,s3://panprimate-t2t/species_data/PR00129/v1.0/assembly/PR00129_1.0.pri.fasta.gz,s3://panprimate-t2t/species_data/PR00129/v1.0/assembly/PR00129_1.0.alt.fasta.gz,s3://panprimate-t2t/species_data/PR00129/v1.0/assembly/PR00129_1.0.unplaced.fasta.gz,s3://panprimate-t2t/species_data/PR00129/v1.0/assembly/PR00129_1.0.combined.fasta.gz,s3://panprimate-t2t/species_data/PR00129/v1.0/annotation/PR00129_1.0.genes.pri.gff3.gz,s3://panprimate-t2t/species_data/PR00129/v1.0/annotation/PR00129_1.0.genes.alt.gff3.gz,s3://panprimate-t2t/species_data/PR00129/v1.0/annotation/PR00129_1.0.genes.hap1.gff3.gz,s3://panprimate-t2t/species_data/PR00129/v1.0/annotation/PR00129_1.0.genes.hap2.gff3.gz,s3://panprimate-t2t/species_data/PR00129/v1.0/annotation/PR00129_1.0.repeat_masker.pri.out.gz,s3://panprimate-t2t/species_data/PR00129/v1.0/annotation/PR00129_1.0.repeat_masker.alt.out.gz,s3://panprimate-t2t/species_data/PR00129/v1.0/annotation/PR00129_1.0.repeat_masker.hap1.out.gz,s3://panprimate-t2t/species_data/PR00129/v1.0/annotation/PR00129_1.0.repeat_masker.hap2.out.gz,s3://panprimate-t2t/species_data/PR00129/v1.0/annotation/PR00129_1.0.repeat_families.fasta.gz,,s3://panprimate-t2t/species_data/PR00129/v1.0/annotation/PR00129_1.0.proteins.pri.fasta.gz,s3://panprimate-t2t/species_data/PR00129/v1.0/annotation/PR00129_1.0.proteins.alt.fasta.gz,s3://panprimate-t2t/species_data/PR00129/v1.0/annotation/PR00129_1.0.proteins.hap1.fasta.gz,s3://panprimate-t2t/species_data/PR00129/v1.0/annotation/PR00129_1.0.proteins.hap2.fasta.gz,s3://panprimate-t2t/species_data/PR00129/v1.0/annotation/PR00129_1.0.SD.pri.bed.gz,s3://panprimate-t2t/species_data/PR00129/v1.0/annotation/PR00129_1.0.SD.alt.bed.gz,s3://panprimate-t2t/species_data/PR00129/v1.0/annotation/PR00129_1.0.SD.hap1.bed.gz,s3://panprimate-t2t/species_data/PR00129/v1.0/annotation/PR00129_1.0.SD.hap2.bed.gz,,,,SRR40728281;SRR40728282;SRR40728283,SRR40728296;SRR40728324,SRR40728313,SRR40749399;SRR40749400;SRR40749402,s3://panprimate-t2t/species_data/PR00129/v1.0/alignments/PR00129_1.0.ont.bam;s3://panprimate-t2t/species_data/PR00129/v1.0/alignments/PR00129_1.0.hifi.bam;s3://panprimate-t2t/species_data/PR00129/v1.0/alignments/PR00129_1.0.kinnex.bam,
PR00232_1.0,PR00232,1,TRUE,2026-09-30,,Mandrillus_leucophaeus,Mandrillus,leucophaeus,Drill,male,SAMN63225369,PRJNA1501439,in_progress,,,s3://panprimate-t2t/species_data/PR00232/v1.0/assembly/PR00232_1.0.pri.fasta.gz,s3://panprimate-t2t/species_data/PR00232/v1.0/assembly/PR00232_1.0.alt.fasta.gz,s3://panprimate-t2t/species_data/PR00232/v1.0/assembly/PR00232_1.0.unplaced.fasta.gz,s3://panprimate-t2t/species_data/PR00232/v1.0/assembly/PR00232_1.0.combined.fasta.gz,s3://panprimate-t2t/species_data/PR00232/v1.0/annotation/PR00232_1.0.genes.pri.gff3.gz,s3://panprimate-t2t/species_data/PR00232/v1.0/annotation/PR00232_1.0.genes.alt.gff3.gz,s3://panprimate-t2t/species_data/PR00232/v1.0/annotation/PR00232_1.0.genes.hap1.gff3.gz,s3://panprimate-t2t/species_data/PR00232/v1.0/annotation/PR00232_1.0.genes.hap2.gff3.gz,s3://panprimate-t2t/species_data/PR00232/v1.0/annotation/PR00232_1.0.repeat_masker.pri.out.gz,s3://panprimate-t2t/species_data/PR00232/v1.0/annotation/PR00232_1.0.repeat_masker.alt.out.gz,s3://panprimate-t2t/species_data/PR00232/v1.0/annotation/PR00232_1.0.repeat_masker.hap1.out.gz,s3://panprimate-t2t/species_data/PR00232/v1.0/annotation/PR00232_1.0.repeat_masker.hap2.out.gz,s3://panprimate-t2t/species_data/PR00232/v1.0/annotation/PR00232_1.0.repeat_families.fasta.gz,,s3://panprimate-t2t/species_data/PR00232/v1.0/annotation/PR00232_1.0.proteins.pri.fasta.gz,s3://panprimate-t2t/species_data/PR00232/v1.0/annotation/PR00232_1.0.proteins.alt.fasta.gz,s3://panprimate-t2t/species_data/PR00232/v1.0/annotation/PR00232_1.0.proteins.hap1.fasta.gz,s3://panprimate-t2t/species_data/PR00232/v1.0/annotation/PR00232_1.0.proteins.hap2.fasta.gz,s3://panprimate-t2t/species_data/PR00232/v1.0/annotation/PR00232_1.0.SD.pri.bed.gz,s3://panprimate-t2t/species_data/PR00232/v1.0/annotation/PR00232_1.0.SD.alt.bed.gz,s3://panprimate-t2t/species_data/PR00232/v1.0/annotation/PR00232_1.0.SD.hap1.bed.gz,s3://panprimate-t2t/species_data/PR00232/v1.0/annotation/PR00232_1.0.SD.hap2.bed.gz,,,,SRR40728275;SRR40728276;SRR40728277;SRR40728278;SRR40728279;SRR40728280,SRR40728285;SRR40728323,SRR40728312,SRR40749395;SRR40749401,s3://panprimate-t2t/species_data/PR00232/v1.0/alignments/PR00232_1.0.ont.bam;s3://panprimate-t2t/species_data/PR00232/v1.0/alignments/PR00232_1.0.hifi.bam;s3://panprimate-t2t/species_data/PR00232/v1.0/alignments/PR00232_1.0.kinnex.bam,
PR00239_1.0,PR00239,1,TRUE,2026-09-30,,Pithecia_pithecia,Pithecia,pithecia,White-faced Saki,male,SAMN63225375,PRJNA1501439,in_progress,,,s3://panprimate-t2t/species_data/PR00239/v1.0/assembly/PR00239_1.0.pri.fasta.gz,s3://panprimate-t2t/species_data/PR00239/v1.0/assembly/PR00239_1.0.alt.fasta.gz,s3://panprimate-t2t/species_data/PR00239/v1.0/assembly/PR00239_1.0.unplaced.fasta.gz,s3://panprimate-t2t/species_data/PR00239/v1.0/assembly/PR00239_1.0.combined.fasta.gz,s3://panprimate-t2t/species_data/PR00239/v1.0/annotation/PR00239_1.0.genes.pri.gff3.gz,s3://panprimate-t2t/species_data/PR00239/v1.0/annotation/PR00239_1.0.genes.alt.gff3.gz,s3://panprimate-t2t/species_data/PR00239/v1.0/annotation/PR00239_1.0.genes.hap1.gff3.gz,s3://panprimate-t2t/species_data/PR00239/v1.0/annotation/PR00239_1.0.genes.hap2.gff3.gz,s3://panprimate-t2t/species_data/PR00239/v1.0/annotation/PR00239_1.0.repeat_masker.pri.out.gz,s3://panprimate-t2t/species_data/PR00239/v1.0/annotation/PR00239_1.0.repeat_masker.alt.out.gz,s3://panprimate-t2t/species_data/PR00239/v1.0/annotation/PR00239_1.0.repeat_masker.hap1.out.gz,s3://panprimate-t2t/species_data/PR00239/v1.0/annotation/PR00239_1.0.repeat_masker.hap2.out.gz,s3://panprimate-t2t/species_data/PR00239/v1.0/annotation/PR00239_1.0.repeat_families.fasta.gz,,s3://panprimate-t2t/species_data/PR00239/v1.0/annotation/PR00239_1.0.proteins.pri.fasta.gz,s3://panprimate-t2t/species_data/PR00239/v1.0/annotation/PR00239_1.0.proteins.alt.fasta.gz,s3://panprimate-t2t/species_data/PR00239/v1.0/annotation/PR00239_1.0.proteins.hap1.fasta.gz,s3://panprimate-t2t/species_data/PR00239/v1.0/annotation/PR00239_1.0.proteins.hap2.fasta.gz,s3://panprimate-t2t/species_data/PR00239/v1.0/annotation/PR00239_1.0.SD.pri.bed.gz,s3://panprimate-t2t/species_data/PR00239/v1.0/annotation/PR00239_1.0.SD.alt.bed.gz,s3://panprimate-t2t/species_data/PR00239/v1.0/annotation/PR00239_1.0.SD.hap1.bed.gz,s3://panprimate-t2t/species_data/PR00239/v1.0/annotation/PR00239_1.0.SD.hap2.bed.gz,,,,SRR40728271;SRR40728272;SRR40728273,SRR40728274;SRR40728322,SRR40728311,SRR40749406;SRR40749407;SRR40749408,s3://panprimate-t2t/species_data/PR00239/v1.0/alignments/PR00239_1.0.ont.bam;s3://panprimate-t2t/species_data/PR00239/v1.0/alignments/PR00239_1.0.hifi.bam;s3://panprimate-t2t/species_data/PR00239/v1.0/alignments/PR00239_1.0.kinnex.bam,
PR00246_1.0,PR00246,1,TRUE,2026-09-30,,Eulemur_fulvus,Eulemur,fulvus,Brown Lemur,male,SAMN63225377,PRJNA1501439,in_progress,,,s3://panprimate-t2t/species_data/PR00246/v1.0/assembly/PR00246_1.0.pri.fasta.gz,s3://panprimate-t2t/species_data/PR00246/v1.0/assembly/PR00246_1.0.alt.fasta.gz,s3://panprimate-t2t/species_data/PR00246/v1.0/assembly/PR00246_1.0.unplaced.fasta.gz,s3://panprimate-t2t/species_data/PR00246/v1.0/assembly/PR00246_1.0.combined.fasta.gz,s3://panprimate-t2t/species_data/PR00246/v1.0/annotation/PR00246_1.0.genes.pri.gff3.gz,s3://panprimate-t2t/species_data/PR00246/v1.0/annotation/PR00246_1.0.genes.alt.gff3.gz,s3://panprimate-t2t/species_data/PR00246/v1.0/annotation/PR00246_1.0.genes.hap1.gff3.gz,s3://panprimate-t2t/species_data/PR00246/v1.0/annotation/PR00246_1.0.genes.hap2.gff3.gz,s3://panprimate-t2t/species_data/PR00246/v1.0/annotation/PR00246_1.0.repeat_masker.pri.out.gz,s3://panprimate-t2t/species_data/PR00246/v1.0/annotation/PR00246_1.0.repeat_masker.alt.out.gz,s3://panprimate-t2t/species_data/PR00246/v1.0/annotation/PR00246_1.0.repeat_masker.hap1.out.gz,s3://panprimate-t2t/species_data/PR00246/v1.0/annotation/PR00246_1.0.repeat_masker.hap2.out.gz,s3://panprimate-t2t/species_data/PR00246/v1.0/annotation/PR00246_1.0.repeat_families.fasta.gz,,s3://panprimate-t2t/species_data/PR00246/v1.0/annotation/PR00246_1.0.proteins.pri.fasta.gz,s3://panprimate-t2t/species_data/PR00246/v1.0/annotation/PR00246_1.0.proteins.alt.fasta.gz,s3://panprimate-t2t/species_data/PR00246/v1.0/annotation/PR00246_1.0.proteins.hap1.fasta.gz,s3://panprimate-t2t/species_data/PR00246/v1.0/annotation/PR00246_1.0.proteins.hap2.fasta.gz,s3://panprimate-t2t/species_data/PR00246/v1.0/annotation/PR00246_1.0.SD.pri.bed.gz,s3://panprimate-t2t/species_data/PR00246/v1.0/annotation/PR00246_1.0.SD.alt.bed.gz,s3://panprimate-t2t/species_data/PR00246/v1.0/annotation/PR00246_1.0.SD.hap1.bed.gz,s3://panprimate-t2t/species_data/PR00246/v1.0/annotation/PR00246_1.0.SD.hap2.bed.gz,,,,SRR40728267;SRR40728268;SRR40728269;SRR40728270,SRR40728263;SRR40728321,SRR40728310,SRR40749403;SRR40749404;SRR40749405,s3://panprimate-t2t/species_data/PR00246/v1.0/alignments/PR00246_1.0.ont.bam;s3://panprimate-t2t/species_data/PR00246/v1.0/alignments/PR00246_1.0.hifi.bam;s3://panprimate-t2t/species_data/PR00246/v1.0/alignments/PR00246_1.0.kinnex.bam,
PR00525_1.0,PR00525,1,TRUE,2026-09-30,,Lagothrix_lagotricha,Lagothrix,lagotricha,Brown Woolly Monkey,female,SAMN63225374,PRJNA1501439,in_progress,,,s3://panprimate-t2t/species_data/PR00525/v1.0/assembly/PR00525_1.0.pri.fasta.gz,s3://panprimate-t2t/species_data/PR00525/v1.0/assembly/PR00525_1.0.alt.fasta.gz,s3://panprimate-t2t/species_data/PR00525/v1.0/assembly/PR00525_1.0.unplaced.fasta.gz,s3://panprimate-t2t/species_data/PR00525/v1.0/assembly/PR00525_1.0.combined.fasta.gz,s3://panprimate-t2t/species_data/PR00525/v1.0/annotation/PR00525_1.0.genes.pri.gff3.gz,s3://panprimate-t2t/species_data/PR00525/v1.0/annotation/PR00525_1.0.genes.alt.gff3.gz,s3://panprimate-t2t/species_data/PR00525/v1.0/annotation/PR00525_1.0.genes.hap1.gff3.gz,s3://panprimate-t2t/species_data/PR00525/v1.0/annotation/PR00525_1.0.genes.hap2.gff3.gz,s3://panprimate-t2t/species_data/PR00525/v1.0/annotation/PR00525_1.0.repeat_masker.pri.out.gz,s3://panprimate-t2t/species_data/PR00525/v1.0/annotation/PR00525_1.0.repeat_masker.alt.out.gz,s3://panprimate-t2t/species_data/PR00525/v1.0/annotation/PR00525_1.0.repeat_masker.hap1.out.gz,s3://panprimate-t2t/species_data/PR00525/v1.0/annotation/PR00525_1.0.repeat_masker.hap2.out.gz,s3://panprimate-t2t/species_data/PR00525/v1.0/annotation/PR00525_1.0.repeat_families.fasta.gz,,s3://panprimate-t2t/species_data/PR00525/v1.0/annotation/PR00525_1.0.proteins.pri.fasta.gz,s3://panprimate-t2t/species_data/PR00525/v1.0/annotation/PR00525_1.0.proteins.alt.fasta.gz,s3://panprimate-t2t/species_data/PR00525/v1.0/annotation/PR00525_1.0.proteins.hap1.fasta.gz,s3://panprimate-t2t/species_data/PR00525/v1.0/annotation/PR00525_1.0.proteins.hap2.fasta.gz,s3://panprimate-t2t/species_data/PR00525/v1.0/annotation/PR00525_1.0.SD.pri.bed.gz,s3://panprimate-t2t/species_data/PR00525/v1.0/annotation/PR00525_1.0.SD.alt.bed.gz,s3://panprimate-t2t/species_data/PR00525/v1.0/annotation/PR00525_1.0.SD.hap1.bed.gz,s3://panprimate-t2t/species_data/PR00525/v1.0/annotation/PR00525_1.0.SD.hap2.bed.gz,,,,SRR40728264;SRR40728265;SRR40728266,SRR40728254;SRR40728320,SRR40728309,SRR40749409;SRR40749410;SRR40749411,s3://panprimate-t2t/species_data/PR00525/v1.0/alignments/PR00525_1.0.ont.bam;s3://panprimate-t2t/species_data/PR00525/v1.0/alignments/PR00525_1.0.hifi.bam;s3://panprimate-t2t/species_data/PR00525/v1.0/alignments/PR00525_1.0.kinnex.bam,
PR00786_1.0,PR00786,1,TRUE,2026-09-30,,Leontopithecus_rosalia,Leontopithecus,rosalia,Golden Lion Tamarin,male,SAMN63225373,PRJNA1501439,in_progress,,,s3://panprimate-t2t/species_data/PR00786/v1.0/assembly/PR00786_1.0.pri.fasta.gz,s3://panprimate-t2t/species_data/PR00786/v1.0/assembly/PR00786_1.0.alt.fasta.gz,s3://panprimate-t2t/species_data/PR00786/v1.0/assembly/PR00786_1.0.unplaced.fasta.gz,s3://panprimate-t2t/species_data/PR00786/v1.0/assembly/PR00786_1.0.combined.fasta.gz,s3://panprimate-t2t/species_data/PR00786/v1.0/annotation/PR00786_1.0.genes.pri.gff3.gz,s3://panprimate-t2t/species_data/PR00786/v1.0/annotation/PR00786_1.0.genes.alt.gff3.gz,s3://panprimate-t2t/species_data/PR00786/v1.0/annotation/PR00786_1.0.genes.hap1.gff3.gz,s3://panprimate-t2t/species_data/PR00786/v1.0/annotation/PR00786_1.0.genes.hap2.gff3.gz,s3://panprimate-t2t/species_data/PR00786/v1.0/annotation/PR00786_1.0.repeat_masker.pri.out.gz,s3://panprimate-t2t/species_data/PR00786/v1.0/annotation/PR00786_1.0.repeat_masker.alt.out.gz,s3://panprimate-t2t/species_data/PR00786/v1.0/annotation/PR00786_1.0.repeat_masker.hap1.out.gz,s3://panprimate-t2t/species_data/PR00786/v1.0/annotation/PR00786_1.0.repeat_masker.hap2.out.gz,s3://panprimate-t2t/species_data/PR00786/v1.0/annotation/PR00786_1.0.repeat_families.fasta.gz,,s3://panprimate-t2t/species_data/PR00786/v1.0/annotation/PR00786_1.0.proteins.pri.fasta.gz,s3://panprimate-t2t/species_data/PR00786/v1.0/annotation/PR00786_1.0.proteins.alt.fasta.gz,s3://panprimate-t2t/species_data/PR00786/v1.0/annotation/PR00786_1.0.proteins.hap1.fasta.gz,s3://panprimate-t2t/species_data/PR00786/v1.0/annotation/PR00786_1.0.proteins.hap2.fasta.gz,s3://panprimate-t2t/species_data/PR00786/v1.0/annotation/PR00786_1.0.SD.pri.bed.gz,s3://panprimate-t2t/species_data/PR00786/v1.0/annotation/PR00786_1.0.SD.alt.bed.gz,s3://panprimate-t2t/species_data/PR00786/v1.0/annotation/PR00786_1.0.SD.hap1.bed.gz,s3://panprimate-t2t/species_data/PR00786/v1.0/annotation/PR00786_1.0.SD.hap2.bed.gz,,,,SRR40728255;SRR40728256;SRR40728257;SRR40728258;SRR40728259;SRR40728260;SRR40728261;SRR40728262,SRR40728253;SRR40728319,SRR40728308,SRR40749389;SRR40749390,s3://panprimate-t2t/species_data/PR00786/v1.0/alignments/PR00786_1.0.ont.bam;s3://panprimate-t2t/species_data/PR00786/v1.0/alignments/PR00786_1.0.hifi.bam;s3://panprimate-t2t/species_data/PR00786/v1.0/alignments/PR00786_1.0.kinnex.bam,
